{
  "decks": [
    {
      "id": 1,
      "name": "Rendering in React",
      "description": "React's component structure allows for quickly building a complex web application that relies on DOM manipulation. "
    },
    {
      "name": "React Router",
      "description": "React Router is a collection of navigational components that compose declaratively with your application.",
      "id": 2
    },
    {
      "id": 3,
      "name": "React Hooks",
      "description": "Hooks allow you to use JavaScript functions to create React components in a more simple way and help reduce a lot of boilerplate code."
    }
  ],
  "cards": [
    {
      "id": 1,
      "front": "Differentiate between Real DOM and Virtual DOM.",
      "back": "Virtual DOM updates are faster but do not directly update the HTML",
      "deckId": 1
    },
    {
      "id": 2,
      "front": "How do you modify the state of a different React component?",
      "back": "Not at all! State is visible to the component only.",
      "deckId": 1
    },
    {
      "id": 3,
      "front": "How do you pass data 'down' to a React child component?",
      "back": "As properties or props",
      "deckId": 1
    },
    {
      "front": "What path will match the follow Route?\n<Route>\n  <NotFound />\n</Route>",
      "back": "All paths. A route with no path matches all URL's",
      "deckId": 2,
      "id": 4
    },
    {
      "front": "What does <Switch> do?",
      "back": "Renders the first matching child <Route> ",
      "deckId": 2,
      "id": 5
    },
    {
      "id": 7,
      "front": "The State Hook",
      "back": "The 'useState' hooks store the \"state\" as data, which our functional components can use.\n\nSince component logic is written in JavaScript instead of templates, you can easily pass rich data through your app and keep state out of the DOM.",
      "deckId": 3
    },
    {
      "front": "The Effect Hook ",
      "back": "The 'useEffect' hook lets us put \"side effects\" when a component's variables or state changes based on some outside thing.",
      "deckId": 3,
      "id": 8
    }
  ]
}